{
  "roc_auc": 0.879282013323464,
  "pr_auc": 0.5020892349437489,
  "classification_report": {
    "0": {
      "precision": 0.9813857290589452,
      "recall": 0.983419689119171,
      "f1-score": 0.9824016563146998,
      "support": 1930.0
    },
    "1": {
      "precision": 0.5151515151515151,
      "recall": 0.4857142857142857,
      "f1-score": 0.5,
      "support": 70.0
    },
    "accuracy": 0.966,
    "macro avg": {
      "precision": 0.7482686221052302,
      "recall": 0.7345669874167283,
      "f1-score": 0.7412008281573499,
      "support": 2000.0
    },
    "weighted avg": {
      "precision": 0.9650675315721851,
      "recall": 0.966,
      "f1-score": 0.9655175983436853,
      "support": 2000.0
    }
  }
}